last_name,first_name,year,xba,xslg,xwoba,xobp,xiso,exit_velocity_avg,launch_angle_avg,sweet_spot_percent,barrels,barrel_batted_rate,solidcontact_percent,flareburner_percent,poorlyunder_percent,poorlytopped_percent,poorlyweak_percent,hard_hit_percent,z_swing_percent,z_swing_miss_percent,oz_swing_percent,oz_swing_miss_percent,oz_contact_percent,out_zone_swing_miss,out_zone_swing,out_zone_percent,out_zone,meatball_swing_percent,meatball_percent,pitch_count_offspeed,pitch_count_fastball,pitch_count_breaking,pitch_count,iz_contact_percent,in_zone_swing_miss,in_zone_swing,in_zone_percent,in_zone,edge_percent,edge,whiff_percent,swing_percent,pull_percent,straightaway_percent,opposite_percent,batted_ball,f_strike_percent,groundballs_percent,groundballs,flyballs_percent,flyballs,linedrives_percent,linedrives,popups_percent,popups,n_bolts,hp_to_1b,sprint_speed,OPS_Plus_Name,OPS_Plus,UBR_Name,UBR,wRC_Plus_Name,wRC_Plus
Abreu, Jose,2015,0.271,0.462,0.342,0.331,0.19,91.0,9.8,30.6,44,9.3,5.9,24.5,17.9,37.6,1.7,41.8,65.8,15.7,34.7,39.1,60.9,189,483,55.1,1391,70.6,6.5,282,1524,647,2526,84.3,117,746,44.9,1134,41.7,1054,24.9,48.7,34.4,39.2,26.4,474,57.8,48.5,230,16.5,78,28.1,133,7.0,33,0,,25.7,José Abreu\abreujo02,135.0, Abreu,-0.7, Abreu,131
Altuve, Jose,2015,0.268,0.39299999999999996,0.31,0.314,0.125,86.2,11.1,31.2,18,3.1,4.8,23.4,26.6,35.9,4.1,28.8,70.5,6.6,34.1,20.3,79.7,81,399,52.5,1170,80.4,7.3,200,1383,589,2227,93.4,49,745,47.5,1057,39.9,889,11.4,51.4,39.8,40.9,19.3,580,65.5,47.6,276,21.7,126,23.4,136,7.2,42,79,,28.4,Jose Altuve\altuvjo01,125.0, Altuve,-3.9, Altuve,124
Andrus, Elvis,2015,0.255,0.345,0.29600000000000004,0.311,0.08900000000000001,87.3,10.0,28.4,8,1.5,2.6,26.0,25.0,37.2,2.1,27.3,58.2,8.9,24.9,30.8,69.2,89,289,47.4,1159,67.0,8.4,272,1604,562,2444,91.1,67,749,52.6,1286,44.5,1088,15.0,42.5,40.0,34.2,25.8,535,62.3,49.9,267,16.8,90,25.2,135,8.0,43,11,,27.7,Elvis Andrus\andruel01,80.0, Andrus,2.7, Andrus,78
Arenado, Nolan,2015,0.27,0.495,0.345,0.313,0.225,90.7,16.0,33.8,43,8.3,8.1,21.9,28.4,26.1,2.1,40.4,73.3,11.3,35.6,38.6,61.4,171,443,53.6,1244,75.8,6.8,235,1340,695,2322,88.7,89,789,46.4,1077,40.2,934,21.1,53.1,43.3,35.4,21.3,517,60.3,34.8,180,23.4,121,31.7,164,10.1,52,0,,26.1,Nolan Arenado\arenano01,124.0, Arenado,1.6, Arenado,121
Aybar, Erick,2015,0.281,0.361,0.303,0.315,0.08,85.7,6.6,31.3,5,0.9,3.0,27.2,17.9,41.4,2.4,19.2,66.6,7.3,37.7,22.6,77.4,99,438,53.9,1161,68.6,7.2,340,1273,493,2155,92.7,48,662,46.1,994,40.2,867,13.4,51.0,36.4,42.0,21.6,536,63.6,55.4,297,15.7,84,25.2,135,3.7,20,27,,28.0,Erick Aybar#\aybarer01,81.0, Aybar,2.8, Aybar,78
Bautista, Jose,2015,0.262,0.516,0.392,0.389,0.254,92.0,16.8,29.9,56,12.6,4.9,19.3,31.7,28.8,1.6,45.4,61.6,15.6,19.6,33.8,66.2,96,284,53.0,1452,65.5,7.2,340,1535,857,2741,84.4,124,794,47.0,1289,43.4,1190,20.4,39.3,49.2,32.4,18.4,445,53.0,37.5,167,28.1,125,23.6,105,10.8,48,1,,25.6,Jose Bautista\bautijo02,145.0, Bautista,2.0, Bautista,148
Belt, Brandon,2015,0.276,0.511,0.375,0.35600000000000004,0.23600000000000002,89.9,15.9,46.1,35,10.0,10.0,29.8,20.6,22.3,2.6,42.1,81.0,22.0,25.5,43.8,56.2,146,333,56.4,1308,93.7,5.4,294,1430,587,2320,78.0,180,820,43.6,1012,42.9,995,28.3,49.7,36.1,36.1,27.8,349,60.1,33.8,118,22.6,79,40.4,141,3.2,11,1,,26.7,Brandon Belt*\beltbr01,127.0, Belt,-1.4, Belt,132
Beltran, Carlos,2015,0.27699999999999997,0.457,0.35100000000000003,0.34299999999999997,0.179,90.6,15.4,33.8,23,5.8,7.5,27.1,27.3,28.1,1.8,41.9,65.4,10.9,28.8,31.6,68.4,103,326,54.6,1130,80.0,5.3,362,1232,409,2069,89.1,67,614,45.4,939,43.5,900,18.1,45.4,41.4,38.6,20.1,399,57.3,36.8,147,26.6,106,28.1,112,8.5,34,0,,25.6,Carlos Beltran#\beltrca01,119.0, Beltran,0.2, Beltran,119
Beltre, Adrian,2015,0.302,0.494,0.37,0.35200000000000004,0.192,89.5,12.6,35.9,28,5.5,7.8,26.5,23.5,33.7,2.2,40.4,62.1,11.2,35.4,25.6,74.4,109,425,52.4,1200,64.7,7.3,295,1446,524,2288,88.8,76,676,47.6,1088,42.6,975,16.8,48.1,35.3,41.4,23.3,510,61.9,42.4,216,18.4,94,31.6,161,7.6,39,1,,26.4,Adrian Beltre\beltrad01,110.0, Beltre,5.3, Beltre,109
Betts, Mookie,2015,0.28800000000000003,0.456,0.348,0.34,0.16899999999999998,90.3,15.3,33.6,30,5.7,4.2,28.2,29.2,28.1,1.9,37.7,54.0,9.3,23.5,29.9,70.1,84,281,45.4,1196,58.7,9.2,232,1671,666,2634,90.7,72,776,54.6,1436,44.5,1172,14.7,40.2,37.2,41.2,21.4,524,61.5,38.7,203,27.7,145,25.6,134,8.0,42,15,,28.7,Mookie Betts\bettsmo01,117.0, Betts,3.5, Betts,120
Blackmon, Charlie,2015,0.267,0.401,0.326,0.33299999999999996,0.134,86.7,15.1,35.2,19,3.7,6.5,26.4,25.6,28.8,2.7,28.8,58.7,8.9,27.3,29.5,70.5,115,390,52.3,1427,63.5,6.6,374,1830,511,2727,91.1,68,763,47.7,1300,43.7,1193,15.9,42.3,42.3,35.4,22.3,511,57.8,40.3,206,18.4,94,33.1,169,8.2,42,1,,27.9,Charlie Blackmon*\blackch02,102.0, Blackmon,-1.3, Blackmon,103
Bogaerts, Xander,2015,0.282,0.376,0.311,0.32,0.094,88.1,6.8,28.2,13,2.5,2.7,28.8,19.9,41.1,2.7,34.2,63.2,13.1,34.0,34.4,65.6,144,418,48.6,1230,70.3,8.4,267,1540,667,2530,86.9,108,822,51.4,1300,43.3,1095,20.3,49.0,30.9,38.0,31.1,518,62.4,53.7,278,16.8,87,23.7,123,5.8,30,5,,28.3,Xander Bogaerts\bogaexa01,107.0, Bogaerts,3.7, Bogaerts,111
Brantley, Michael,2015,0.298,0.43700000000000006,0.35600000000000004,0.37200000000000005,0.139,89.0,9.5,36.0,19,3.9,4.1,28.8,23.8,35.0,2.5,36.2,63.6,4.7,22.0,19.7,80.3,48,244,51.5,1107,75.0,6.7,263,1373,472,2149,95.3,31,663,48.5,1042,43.4,932,8.7,42.2,40.2,34.0,25.9,483,58.6,46.0,222,18.0,87,30.8,149,5.2,25,1,,26.0,Michael Brantley*\brantmi02,129.0, Brantley,-0.7, Brantley,133
Braun, Ryan,2015,0.285,0.513,0.379,0.359,0.228,92.2,7.6,31.7,42,10.7,5.6,22.8,16.2,41.9,1.8,45.4,68.9,14.2,35.7,35.9,64.1,154,429,56.2,1203,76.0,6.0,194,1386,543,2141,85.8,92,646,43.8,938,42.7,915,22.9,50.2,30.7,40.9,28.4,394,64.3,51.3,202,18.5,73,26.9,106,3.3,13,0,,27.3,Ryan Braun\braunry02,131.0, Braun,1.1, Braun,131
Bruce, Jay,2015,0.247,0.45399999999999996,0.33299999999999996,0.317,0.207,89.7,15.5,34.2,36,8.1,7.7,21.8,29.3,27.5,1.4,37.6,73.2,15.4,30.6,41.3,58.7,191,462,59.5,1512,80.3,5.0,347,1489,674,2542,84.6,116,755,40.5,1031,42.5,1081,25.2,47.9,43.2,32.4,24.3,444,58.9,37.4,166,28.4,126,28.6,127,5.6,25,0,,25.9,Jay Bruce*\bruceja01,97.0, Bruce,-2.4, Bruce,93
Bryant, Kris,2015,0.237,0.478,0.358,0.33799999999999997,0.24100000000000002,89.7,19.6,33.7,42,11.5,9.0,22.5,29.6,21.6,3.8,43.3,73.6,27.7,28.7,52.3,47.7,218,417,54.9,1455,89.4,6.8,304,1563,780,2651,72.3,244,880,45.1,1196,42.3,1121,35.6,48.9,41.1,35.9,23.0,365,60.9,34.5,126,31.0,113,27.1,99,7.4,27,2,,28.6,Kris Bryant\bryankr01,135.0, Bryant,3.3, Bryant,136
Burns, Billy,2015,0.24600000000000002,0.295,0.267,0.29100000000000004,0.049,83.0,8.3,26.5,2,0.5,1.1,24.9,21.3,41.9,4.5,14.5,78.6,13.5,36.4,22.7,77.3,79,348,49.3,957,89.0,7.5,243,1270,407,1943,86.5,105,775,50.7,986,45.1,877,16.4,57.8,27.4,37.6,35.1,442,67.9,52.0,230,12.9,57,25.8,114,9.3,41,44,,29.1,Billy Burns#\burnsbi02,102.0, Burns,2.7, Burns,102
Butler, Billy,2015,0.252,0.45,0.34299999999999997,0.327,0.19699999999999998,89.3,8.6,30.8,33,7.5,7.7,21.5,16.6,42.4,1.8,40.6,60.4,10.3,28.9,36.7,63.3,119,324,49.9,1122,73.2,7.5,247,1307,644,2248,89.7,70,680,50.1,1126,42.3,950,18.8,44.7,34.7,34.0,31.3,441,62.2,51.7,228,19.0,84,24.5,108,4.8,21,1,,23.6,Billy Butler\butlebi03,98.0, Butler,-6.6, Butler,98
Byrd, Marlon,2015,0.24,0.43200000000000005,0.311,0.28600000000000003,0.192,86.3,12.2,33.9,30,8.2,5.7,21.9,24.6,30.1,4.6,30.9,81.4,20.8,41.9,48.7,51.3,217,446,53.8,1064,84.6,7.5,202,1155,612,1979,79.2,155,745,46.2,915,40.1,794,31.2,60.2,36.6,35.8,27.6,366,70.4,43.7,160,22.7,83,28.7,105,4.9,18,1,,28.0,Marlon Byrd\byrdma01,100.0, Byrd,0.3, Byrd,100
Cabrera, Asdrubal,2015,0.23,0.39399999999999996,0.3,0.28600000000000003,0.16399999999999998,88.3,17.3,32.1,22,5.4,5.7,24.2,32.1,28.4,1.5,32.3,72.5,17.8,36.8,32.5,67.5,135,415,54.6,1128,79.3,5.9,275,1244,483,2067,82.2,121,681,45.4,939,42.3,875,23.4,53.0,45.4,30.4,24.2,405,65.0,37.8,153,28.1,114,24.2,98,9.9,40,1,,26.6,Asdrubal Cabrera#\cabreas01,106.0, Cabrera,1.5, Cabrera,103
Cabrera, Melky,2015,0.278,0.37799999999999995,0.313,0.322,0.1,89.6,9.7,30.7,13,2.4,2.9,29.8,23.0,36.2,2.2,36.2,61.8,8.6,32.9,21.7,78.3,96,443,52.4,1348,67.2,5.2,414,1622,500,2572,91.4,65,757,47.6,1224,44.0,1132,13.4,46.7,34.5,37.3,28.2,553,61.3,47.4,262,15.2,84,29.8,165,7.6,42,1,,25.8,Melky Cabrera#\cabreme01,98.0, Cabrera,-2.3, Cabrera,94
Cabrera, Miguel,2015,0.32299999999999995,0.599,0.436,0.43,0.276,93.7,12.3,35.8,37,10.6,8.9,28.7,19.5,28.9,1.7,53.0,68.2,16.6,27.2,35.5,64.5,109,307,56.8,1127,78.1,5.3,176,1277,462,1985,83.4,97,585,43.2,858,39.9,793,23.1,44.9,33.5,34.1,32.4,349,57.5,43.3,151,24.9,87,27.5,96,4.3,15,2,,24.2,Miguel Cabrera\cabremi01,169.0, Cabrera,-2.7, Cabrera,164
Cain, Lorenzo,2015,0.308,0.483,0.371,0.365,0.175,90.2,9.5,35.4,25,5.5,5.5,28.9,20.6,34.8,2.2,38.1,67.4,10.8,32.6,34.7,65.3,136,392,52.3,1203,72.8,6.6,307,1365,594,2299,89.2,80,739,47.7,1096,41.7,958,19.1,49.2,32.2,39.4,28.4,457,59.9,46.2,211,23.2,106,27.8,127,2.8,13,64,,28.9,Lorenzo Cain\cainlo01,125.0, Cain,3.6, Cain,128
Calhoun, Kole,2015,0.243,0.42,0.317,0.299,0.177,86.2,11.6,35.2,32,6.8,5.5,24.6,22.5,33.3,4.9,31.8,71.3,17.0,29.6,51.1,48.9,207,405,53.5,1368,78.7,7.2,376,1480,664,2557,83.0,144,848,46.5,1189,40.4,1033,28.0,49.0,39.0,36.9,24.2,472,64.6,42.6,201,21.8,103,31.1,147,4.4,21,2,,26.5,Kole Calhoun*\calhoko01,104.0, Calhoun,0.9, Calhoun,103
Cano, Robinson,2015,0.295,0.47700000000000004,0.359,0.344,0.18100000000000002,91.0,5.4,32.2,37,7.1,5.6,28.4,14.4,39.0,3.5,45.5,71.5,11.1,31.7,34.3,65.7,145,423,54.5,1333,79.1,6.3,303,1575,539,2445,88.9,88,794,45.5,1111,42.6,1041,19.1,49.8,33.0,44.1,22.8,521,59.2,52.2,272,13.8,72,30.9,161,3.1,16,1,,24.7,Robinson Cano*\canoro01,117.0, Cano,-3.4, Cano,116
Carpenter, Matt,2015,0.287,0.532,0.395,0.38299999999999995,0.245,89.0,17.1,42.6,39,9.1,8.4,28.1,25.3,21.8,2.1,36.1,58.9,15.6,20.4,37.4,62.6,113,302,52.8,1481,70.4,6.4,257,1910,618,2807,84.4,122,781,47.2,1326,43.9,1233,21.7,38.6,38.4,39.6,22.0,427,61.1,31.6,135,29.0,124,36.8,157,2.6,11,3,,26.9,Matt Carpenter*\carpema01,135.0, Carpenter,-0.1, Carpenter,139
Castellanos, Nick,2015,0.263,0.45,0.332,0.312,0.187,88.3,17.0,38.0,31,7.7,6.7,29.5,27.5,25.6,1.7,34.7,69.6,18.8,32.5,50.0,50.0,201,402,53.5,1238,79.9,6.9,289,1327,677,2317,81.2,141,750,46.5,1078,43.9,1017,29.7,49.7,33.7,37.5,28.8,403,64.4,37.2,150,32.0,129,27.3,110,3.5,14,2,,26.5,Nicholas Castellanos\casteni01,97.0, Castellanos,-1.9, Castellanos,94
Castro, Starlin,2015,0.248,0.379,0.29100000000000004,0.282,0.131,86.3,7.1,28.2,20,4.3,3.9,21.3,19.5,45.8,3.3,28.0,64.8,12.3,32.7,34.3,65.7,121,353,50.5,1079,72.4,7.3,196,1307,607,2136,87.7,84,685,49.5,1057,42.6,909,19.7,48.6,35.6,43.6,20.6,461,56.9,54.9,253,16.7,77,22.6,104,5.9,27,0,,27.5,Starlin Castro\castrst01,84.0, Castro,0.6, Castro,79
Cervelli, Francisco,2015,0.261,0.401,0.332,0.34,0.141,88.2,6.9,33.1,15,4.1,5.5,27.1,17.4,40.9,3.3,35.4,62.1,13.9,19.1,36.8,63.2,68,185,48.4,969,70.8,7.7,193,1293,511,2003,86.1,89,642,51.6,1034,43.6,873,19.0,41.3,33.4,39.0,27.6,362,60.8,53.3,193,16.9,61,26.8,97,3.0,11,0,,26.2,Francisco Cervelli\cervefr01,113.0, Cervelli,-0.1, Cervelli,117
Cespedes, Yoenis,2015,0.3,0.5529999999999999,0.386,0.341,0.254,92.2,12.2,32.4,56,11.3,7.6,24.7,21.3,30.8,2.2,45.0,62.5,17.1,36.5,34.0,66.0,176,517,52.2,1418,76.3,6.8,295,1660,730,2722,82.9,139,813,47.8,1301,42.5,1156,23.7,48.9,39.6,39.6,20.7,497,58.4,42.9,213,23.5,117,28.0,139,5.6,28,21,,28.4,Yoenis Céspedes\cespeyo01,136.0, Cespedes,4.2, Cespedes,135
Choo, Shin-Soo,2015,0.257,0.451,0.363,0.363,0.19399999999999998,90.9,7.5,33.5,35,8.4,7.2,25.1,15.4,39.8,1.7,44.3,62.7,21.8,22.6,40.0,60.0,124,310,52.6,1371,74.0,6.8,327,1603,656,2606,78.2,169,774,47.4,1235,44.2,1151,27.0,41.6,41.2,37.1,21.7,415,57.9,52.0,216,17.1,71,28.7,119,2.2,9,0,,26.9,Shin-Soo Choo*\choosh01,125.0, Choo,0.9, Choo,128
Coghlan, Chris,2015,0.247,0.41100000000000003,0.331,0.34,0.16399999999999998,88.5,11.1,32.8,19,5.5,5.2,25.3,24.4,33.9,2.9,33.0,66.8,12.9,21.3,40.6,59.4,89,219,50.9,1027,77.9,7.4,240,1274,484,2016,87.1,85,661,49.1,989,44.1,890,19.8,43.7,40.2,32.8,27.0,348,56.1,46.3,161,19.8,69,28.7,100,5.2,18,1,,26.5,Chris Coghlan*\coghlch01,115.0, Coghlan,1.7, Coghlan,113
Crawford, Brandon,2015,0.265,0.494,0.35600000000000004,0.332,0.22899999999999998,90.3,8.3,34.2,34,8.7,8.4,23.0,14.3,37.0,2.8,43.1,74.7,19.1,32.1,45.5,54.5,173,380,54.5,1182,83.6,6.2,355,1212,560,2169,80.9,141,737,45.5,987,40.4,877,28.1,51.5,36.7,39.3,24.0,392,62.4,47.7,187,18.1,71,30.4,119,3.8,15,0,,26.8,Brandon Crawford*\crawfbr01,113.0, Crawford,1.5, Crawford,113
Cruz, Nelson,2015,0.289,0.551,0.39,0.36,0.262,92.6,9.2,35.4,60,14.1,7.7,24.4,14.8,33.0,3.0,47.5,69.7,23.8,30.8,43.3,56.7,195,450,55.5,1462,72.8,5.7,281,1594,718,2632,76.2,194,815,44.5,1170,42.1,1108,30.8,48.1,34.7,39.8,25.5,427,59.2,45.7,195,20.6,88,28.1,120,5.6,24,1,,26.2,Nelson Cruz\cruzne02,159.0, Cruz,-3.8, Cruz,158
Davis, Chris,2015,0.265,0.597,0.408,0.366,0.332,92.1,17.5,40.0,65,17.6,8.9,24.3,21.9,23.5,1.4,46.2,69.9,28.0,28.6,51.1,48.9,224,438,55.0,1533,81.0,6.4,362,1663,732,2786,72.0,245,876,45.0,1253,41.7,1161,35.7,47.2,54.9,27.8,17.3,370,62.1,34.9,129,30.3,112,30.0,111,4.9,18,1,,26.9,Chris Davis*\davisch02,147.0, Davis,-1.7, Davis,149
Desmond, Ian,2015,0.226,0.371,0.292,0.285,0.145,90.8,6.4,25.9,28,6.9,3.7,22.2,20.2,40.6,2.5,41.1,67.3,18.8,32.8,48.9,51.1,195,399,51.5,1217,77.7,7.6,203,1453,705,2365,81.2,145,773,48.5,1148,44.8,1060,29.0,49.6,31.8,40.6,27.6,406,65.8,54.4,221,16.0,65,23.6,96,5.9,24,8,,28.7,Ian Desmond\desmoia01,82.0, Desmond,3.3, Desmond,83
Donaldson, Josh,2015,0.287,0.5589999999999999,0.4,0.366,0.271,92.5,10.4,31.3,61,12.2,7.0,21.0,22.4,34.1,1.0,46.5,68.8,18.9,23.0,44.2,55.8,144,326,50.3,1418,82.2,7.6,328,1705,777,2817,81.1,182,962,49.7,1399,42.6,1201,25.3,45.7,34.7,41.7,23.6,499,57.0,45.3,226,24.4,122,24.0,120,6.2,31,1,,26.7,Josh Donaldson\donaljo02,151.0, Donaldson,3.6, Donaldson,154
Dozier, Brian,2015,0.223,0.387,0.304,0.298,0.16399999999999998,87.2,19.0,34.2,29,5.9,6.4,22.7,33.6,25.8,3.7,31.1,61.8,16.2,28.5,34.5,65.5,145,420,52.0,1473,75.6,7.1,349,1730,737,2833,83.8,136,840,48.0,1360,43.1,1220,22.3,44.5,56.6,27.9,15.6,488,60.5,35.2,172,26.6,130,26.2,128,11.9,58,1,,27.8,Brian Dozier\doziebr01,104.0, Dozier,1.6, Dozier,101
Duda, Lucas,2015,0.254,0.503,0.373,0.36200000000000004,0.249,91.7,19.8,40.2,39,11.6,6.8,24.4,34.5,19.6,0.9,42.3,62.9,14.9,27.3,40.7,59.3,149,366,59.2,1340,76.2,5.4,358,1236,635,2266,85.1,87,582,40.8,925,40.7,921,24.9,41.8,37.8,36.3,25.9,336,51.3,28.6,96,30.7,103,33.6,113,7.1,24,0,,25.2,Lucas Duda*\dudalu01,130.0, Duda,0.3, Duda,132
Duffy, Matt,2015,0.28600000000000003,0.428,0.336,0.32899999999999996,0.14300000000000002,88.0,7.2,32.2,19,4.0,5.8,26.8,15.6,38.9,3.3,32.2,62.7,9.8,29.7,35.1,64.9,120,342,50.8,1153,65.5,7.5,194,1432,637,2271,90.2,69,701,49.2,1118,43.8,995,18.1,45.9,28.5,38.0,33.5,481,64.4,53.8,259,17.7,85,26.8,129,1.7,8,0,,28.3,Matt Duffy\duffyma01,108.0, Duffy,4.4, Duffy,113
Eaton, Adam,2015,0.256,0.364,0.317,0.337,0.10800000000000001,88.1,7.7,27.0,15,3.1,2.5,27.4,18.9,40.5,1.0,30.9,59.3,12.9,27.2,30.9,69.1,118,382,50.4,1404,65.1,7.5,330,1854,551,2785,87.1,106,819,49.6,1381,43.1,1200,18.7,43.1,28.0,39.1,32.9,486,58.6,53.1,258,15.6,76,24.9,121,6.4,31,16,,28.9,Adam Eaton*\eatonad02,122.0, Eaton,4.1, Eaton,121
Encarnacion, Edwin,2015,0.26899999999999996,0.527,0.386,0.369,0.258,90.1,16.7,31.1,44,10.0,7.3,20.2,29.5,28.9,3.2,44.1,64.4,17.9,23.2,36.8,63.2,111,302,51.6,1300,81.1,7.5,268,1564,662,2517,82.1,140,784,48.4,1217,41.6,1047,23.1,43.1,46.1,35.5,18.4,440,55.6,37.5,165,25.2,111,25.2,111,12.0,53,0,,25.2,Edwin Encarnacion\encared01,148.0, Encarnacion,-1.7, Encarnacion,150
Escobar, Alcides,2015,0.27,0.34299999999999997,0.293,0.308,0.07200000000000001,84.6,9.5,30.6,5,0.9,1.6,26.8,24.2,39.2,2.4,16.3,67.3,11.5,34.7,31.7,68.3,125,394,49.2,1137,72.6,6.3,217,1431,645,2311,88.5,91,790,50.8,1174,42.7,986,18.2,51.2,28.6,41.6,29.8,553,68.4,49.0,271,20.3,112,24.6,136,6.1,34,0,,27.4,Alcides Escobar\escobal02,67.0, Escobar,3.7, Escobar,66
Escobar, Yunel,2015,0.29,0.41,0.344,0.355,0.11900000000000001,89.7,4.3,30.1,14,3.0,4.1,28.8,15.6,44.9,1.3,36.3,72.5,10.3,26.4,38.7,61.3,101,261,49.7,989,82.2,7.3,211,1251,514,1991,89.7,75,726,50.3,1002,42.6,849,17.8,49.6,33.8,40.2,26.1,468,63.9,56.4,264,12.6,59,28.2,132,2.8,13,1,,25.6,Yunel Escobar\escobyu01,115.0, Escobar,-3.3, Escobar,120
Fielder, Prince,2015,0.275,0.45899999999999996,0.353,0.354,0.184,90.9,9.9,29.4,34,6.4,5.3,25.3,23.0,36.8,2.3,44.5,70.4,10.5,32.2,36.2,63.8,171,473,59.1,1468,77.5,7.0,327,1441,660,2483,89.5,75,715,40.9,1015,39.6,983,20.7,47.8,32.1,40.0,27.9,530,56.1,47.0,249,19.8,105,26.4,140,6.8,36,0,,24.9,Prince Fielder*\fieldpr01,126.0, Fielder,-3.8, Fielder,125
Flores, Wilmer,2015,0.248,0.35600000000000004,0.284,0.284,0.10800000000000001,86.5,14.2,32.1,8,1.9,5.4,25.0,30.2,31.1,3.8,25.7,66.1,11.4,29.2,21.7,78.3,59,272,47.3,932,73.3,8.7,161,1232,557,1969,88.6,78,685,52.7,1037,42.8,842,14.3,48.6,34.9,39.4,25.7,424,61.0,42.2,179,22.2,94,25.0,106,10.6,45,1,,25.8,Wilmer Flores\florewi01,93.0, Flores,1.4, Flores,95
Forsythe, Logan,2015,0.253,0.396,0.326,0.336,0.14300000000000002,88.3,15.4,33.8,15,3.4,6.2,27.8,29.9,29.4,2.3,31.7,57.0,13.6,22.4,32.0,68.0,88,275,48.3,1227,66.7,9.0,296,1589,603,2540,86.4,102,749,51.7,1313,43.0,1091,18.6,40.3,36.6,38.4,25.1,435,61.6,41.1,179,26.0,113,24.6,107,8.3,36,0,,28.5,Logan Forsythe\forsylo01,124.0, Forsythe,-2.1, Forsythe,125
Fowler, Dexter,2015,0.23,0.34700000000000003,0.308,0.33,0.11699999999999999,87.1,12.3,31.5,20,4.5,3.4,25.3,26.6,34.0,3.6,30.0,66.7,16.4,18.7,39.6,60.4,111,280,53.2,1501,80.0,6.6,437,1791,578,2819,83.6,144,879,46.8,1318,43.9,1238,22.0,41.1,40.5,35.1,24.4,447,59.0,44.3,198,22.1,99,28.0,125,5.6,25,7,,28.5,Dexter Fowler#\fowlede01,109.0, Fowler,-2.4, Fowler,109
Frazier, Todd,2015,0.254,0.47200000000000003,0.33899999999999997,0.311,0.218,89.7,18.8,31.9,44,9.0,6.5,21.3,30.9,25.2,2.5,38.7,73.5,17.6,34.7,38.2,61.6,182,477,53.6,1374,81.3,7.1,265,1544,742,2565,82.4,154,875,46.4,1191,41.2,1058,24.9,52.7,42.9,35.8,21.3,489,60.3,33.9,166,25.6,125,28.6,140,11.9,58,2,,25.7,Todd Frazier\frazito01,117.0, Frazier,0.5, Frazier,116
Galvis, Freddy,2015,0.247,0.34700000000000003,0.284,0.29,0.1,86.1,13.1,33.0,11,2.4,4.3,24.6,28.3,33.0,1.9,22.3,63.1,11.7,38.9,30.2,69.8,141,467,52.5,1202,70.2,6.6,332,1457,474,2288,88.3,80,685,47.5,1086,42.8,980,19.2,50.3,33.4,38.1,28.5,467,64.2,44.3,207,21.2,99,26.6,124,7.9,37,0,,27.1,Freddy Galvis#\galvifr01,79.0, Galvis,2.3, Galvis,76
Garcia, Avisail,2015,0.27699999999999997,0.41700000000000004,0.332,0.332,0.14,88.6,6.7,34.4,20,4.8,6.7,26.4,16.3,38.5,4.1,37.5,78.9,20.6,42.7,46.5,53.5,237,510,55.7,1193,82.7,6.5,234,1352,531,2142,79.4,154,749,44.3,949,40.8,873,31.1,58.8,31.0,45.2,23.8,416,65.6,50.7,211,18.0,75,27.9,116,3.4,14,22,,29.1,Avisail Garcia\garciav01,89.0, Garcia,-3.1, Garcia,86
Gardner, Brett,2015,0.262,0.406,0.33899999999999997,0.35100000000000003,0.14400000000000002,88.8,11.0,31.5,18,4.0,6.3,25.7,21.0,34.2,2.0,34.7,54.4,13.4,21.5,39.9,60.1,123,308,52.5,1433,59.1,7.6,315,1792,545,2732,86.6,95,707,47.5,1299,42.7,1166,21.5,37.2,32.0,36.9,31.1,447,52.3,48.3,216,21.9,98,25.3,113,4.5,20,46,,28.8,Brett Gardner*\gardnbr01,103.0, Gardner,2.0, Gardner,106
Gattis, Evan,2015,0.24600000000000002,0.42,0.308,0.287,0.174,88.9,10.4,29.6,32,7.1,7.3,21.7,25.0,35.0,3.3,39.2,68.7,18.6,36.3,34.3,65.7,147,429,56.2,1181,76.7,5.7,280,1131,656,2102,81.4,118,633,43.8,921,42.5,893,25.0,50.5,36.9,40.5,22.6,452,60.4,46.5,210,22.6,102,21.2,96,9.7,44,0,,27.4,Evan Gattis\gattiev01,104.0, Gattis,-1.8, Gattis,103
Goldschmidt, Paul,2015,0.284,0.564,0.408,0.409,0.281,92.2,13.1,39.2,53,12.5,8.7,23.2,21.3,30.0,1.7,46.3,59.2,20.8,20.3,36.1,63.9,116,321,54.2,1580,71.5,7.1,208,1755,853,2917,79.2,164,790,45.8,1335,40.3,1176,25.2,38.1,28.8,40.9,30.3,423,54.2,42.3,179,19.4,82,32.9,139,5.4,23,5,,27.4,Paul Goldschmidt\goldspa01,168.0, Goldschmidt,1.6, Goldschmidt,163
Gonzalez, Adrian,2015,0.28300000000000003,0.508,0.374,0.361,0.225,88.7,14.2,40.5,38,8.1,9.4,28.1,20.8,29.3,1.9,36.8,73.5,14.6,32.2,33.3,66.7,154,462,57.7,1434,83.1,5.5,316,1570,562,2485,85.4,113,772,42.3,1051,42.9,1066,21.6,49.7,37.0,34.7,28.3,467,54.4,39.4,184,19.7,92,34.5,161,6.4,30,0,,24.0,Adrian Gonzalez*\gonzaad01,130.0, Gonzalez,-3.4, Gonzalez,129
Gonzalez, Carlos,2015,0.262,0.48,0.34700000000000003,0.321,0.218,90.3,9.1,30.6,47,11.0,4.4,20.1,21.0,36.4,2.3,38.6,77.1,21.2,36.0,45.6,54.4,213,467,58.0,1297,86.8,5.4,352,1421,432,2235,78.8,153,723,42.0,938,43.4,971,30.8,53.2,36.9,40.0,23.1,428,57.4,48.4,207,16.8,72,28.7,123,6.1,26,1,,26.4,Carlos Gonzalez*\gonzaca01,116.0, Gonzalez,1.4, Gonzalez,116
Strange-Gordon, Dee,2015,0.27399999999999997,0.349,0.293,0.305,0.075,84.4,2.2,28.6,6,1.1,2.2,24.3,14.2,46.0,3.9,17.0,63.1,9.1,36.3,24.0,76.0,94,392,48.0,1079,68.1,8.4,209,1577,442,2248,90.9,67,738,52.0,1169,44.8,1006,14.2,50.3,25.2,43.2,31.6,535,65.1,62.6,335,10.8,58,24.9,133,1.7,9,95,,29.1,Dee Strange-Gordon*\gordode01,116.0, Gordon,0.7, Gordon,116
Gose, Anthony,2015,0.228,0.317,0.281,0.3,0.08900000000000001,88.2,6.1,30.4,8,2.3,3.2,27.5,17.5,41.8,2.0,30.7,68.6,18.2,29.3,47.2,52.8,152,322,51.6,1099,71.2,6.9,273,1344,494,2131,81.8,129,708,48.4,1032,44.4,947,27.3,48.3,29.8,35.7,34.5,342,62.6,55.8,191,15.2,52,24.6,84,4.4,15,22,,28.3,Anthony Gose*\gosean01,90.0, Gose,0.9, Gose,89
Granderson, Curtis,2015,0.261,0.47,0.369,0.369,0.20800000000000002,89.4,18.3,40.6,36,8.3,7.4,28.4,30.7,21.7,2.5,40.2,58.4,14.4,19.2,37.7,62.3,115,305,53.3,1589,62.1,6.6,402,1887,666,2981,85.6,117,812,46.7,1391,42.3,1261,20.8,37.5,45.3,33.3,21.5,433,53.1,32.3,140,30.5,132,30.9,134,6.2,27,0,,27.6,Curtis Granderson*\grandcu01,127.0, Granderson,1.0, Granderson,131
Gregorius, Didi,2015,0.257,0.344,0.298,0.314,0.087,85.4,10.5,33.2,7,1.6,2.9,26.9,25.8,35.4,4.2,24.5,70.9,15.0,34.5,36.4,63.6,140,385,53.4,1117,77.5,7.6,303,1236,503,2093,85.0,104,692,46.6,976,43.7,915,22.7,51.5,35.6,37.2,27.2,449,63.3,46.8,210,21.8,98,24.3,109,7.1,32,6,,28.4,Didi Gregorius*\gregodi01,89.0, Gregorius,1.6, Gregorius,89
Harper, Bryce,2015,0.294,0.5489999999999999,0.423,0.435,0.255,91.4,14.7,37.1,51,12.9,7.1,24.4,19.5,29.9,4.3,47.5,70.3,18.2,25.5,43.7,56.3,177,405,59.2,1589,70.0,6.0,376,1610,624,2682,81.8,140,768,40.8,1093,37.0,992,27.0,43.7,40.9,39.6,19.5,394,54.7,40.4,159,20.3,80,33.5,132,5.8,23,2,,27.7,Bryce Harper*\harpebr03,198.0, Harper,3.5, Harper,197
Headley, Chase,2015,0.267,0.41100000000000003,0.33299999999999996,0.33399999999999996,0.145,86.8,11.9,36.7,23,5.1,4.5,28.5,22.5,33.2,3.8,32.5,64.6,13.0,22.7,42.9,57.1,130,303,52.0,1333,79.3,8.5,484,1520,499,2561,87.0,103,793,48.0,1228,42.9,1099,21.3,42.8,42.1,37.9,20.0,449,57.5,44.3,199,20.0,90,28.3,127,7.3,33,0,,25.6,Chase Headley#\headlch01,90.0, Headley,2.2, Headley,92
Herrera, Odubel,2015,0.248,0.36200000000000004,0.29600000000000004,0.301,0.115,88.7,7.3,32.8,12,3.2,4.8,29.3,17.7,37.9,1.6,33.9,65.4,15.2,34.6,42.5,57.5,170,400,53.7,1157,76.2,5.8,231,1332,578,2155,84.8,99,653,46.3,998,41.8,901,25.5,48.9,34.7,34.1,31.2,372,62.9,49.5,184,13.7,51,32.0,119,4.8,18,14,,27.8,Odubel Herrera*\herreod01,111.0, Herrera,1.8, Herrera,111
Heyward, Jason,2015,0.267,0.382,0.322,0.33899999999999997,0.11599999999999999,89.2,4.7,23.9,13,2.8,4.1,25.0,15.0,46.5,2.6,35.0,61.0,7.6,24.0,34.8,65.2,106,305,54.1,1271,61.0,7.0,242,1535,557,2348,92.4,50,657,45.9,1077,43.6,1024,16.2,41.0,39.8,35.9,24.3,460,52.6,58.3,268,13.3,61,22.4,103,6.1,28,3,,27.4,Jason Heyward*\heywaja01,117.0, Heyward,3.3, Heyward,121
Holt, Brock,2015,0.256,0.337,0.305,0.32899999999999996,0.081,86.6,7.9,32.0,2,0.6,3.9,27.8,19.6,42.7,2.5,24.2,56.4,9.4,24.7,28.3,71.7,73,258,50.2,1046,64.7,7.2,252,1331,456,2085,90.6,55,584,49.8,1036,43.9,914,15.2,40.4,30.9,41.9,27.3,363,62.5,54.0,196,15.7,57,25.9,94,4.4,16,6,,28.5,Brock Holt*\holtbr01,96.0, Holt,3.7, Holt,99
Hosmer, Eric,2015,0.3,0.48200000000000004,0.373,0.369,0.18100000000000002,89.8,6.0,29.9,35,7.1,5.7,25.9,13.9,40.4,3.2,41.0,64.0,12.7,30.9,33.0,67.0,148,449,56.8,1453,68.7,5.9,373,1461,689,2557,87.3,90,707,43.2,1104,42.4,1084,20.6,45.2,34.7,37.8,27.5,495,57.0,53.7,266,14.9,74,26.5,131,4.8,24,4,,27.1,Eric Hosmer*\hosmeer01,122.0, Hosmer,3.4, Hosmer,124
Howard, Ryan,2015,0.272,0.526,0.365,0.319,0.254,91.3,14.9,42.5,39,11.7,8.7,27.1,22.9,26.2,1.5,45.5,76.2,20.2,37.2,51.2,48.8,200,391,55.4,1051,86.4,5.8,225,1091,557,1897,79.8,130,645,44.6,846,43.2,820,31.9,54.6,46.4,34.0,19.6,332,57.9,38.0,126,25.6,85,34.6,115,1.8,6,0,,24.3,Ryan Howard*\howarry01,96.0, Howard,-1.5, Howard,93
Hunter, Torii,2015,0.23600000000000002,0.385,0.302,0.29100000000000004,0.149,88.4,10.6,28.5,21,5.0,5.2,21.6,24.5,39.0,2.9,34.9,72.3,17.2,34.1,36.2,63.8,128,354,49.8,1039,80.4,7.6,270,1324,477,2087,82.8,130,758,50.2,1048,42.4,884,23.2,53.3,34.4,41.1,24.5,421,64.0,49.4,208,22.6,95,20.9,88,7.1,30,1,,26.5,Torii Hunter\hunteto01,91.0, Hunter,0.6, Hunter,89
Inciarte, Ender,2015,0.266,0.342,0.293,0.307,0.076,85.6,6.8,28.5,5,1.1,2.3,24.7,20.3,42.3,3.0,19.7,59.5,6.8,33.4,20.4,79.6,65,318,49.2,952,65.2,8.5,221,1282,427,1936,93.2,40,585,50.8,984,42.5,822,11.6,46.6,31.3,37.4,31.3,473,62.0,54.5,258,12.7,60,28.5,135,4.2,20,3,,28.0,Ender Inciarte*\inciaen01,100.0, Inciarte,2.8, Inciarte,99
Jackson, Austin,2015,0.267,0.38799999999999996,0.312,0.312,0.122,89.5,7.2,34.7,14,3.8,3.3,32.2,16.8,37.9,2.2,40.1,61.7,15.4,24.6,41.1,58.9,106,258,47.7,1050,68.6,7.1,181,1469,550,2201,84.6,109,710,52.3,1151,44.8,986,22.2,44.0,29.8,43.4,26.8,369,61.7,52.0,192,17.6,65,27.9,103,2.4,9,1,,28.2,Austin Jackson\jacksau01,95.0, Jackson,-0.7, Jackson,94
Jones, Adam,2015,0.27,0.48700000000000004,0.345,0.31,0.21600000000000003,88.3,11.2,27.7,41,9.2,5.4,23.3,21.5,36.5,2.7,34.7,80.3,15.7,43.7,36.7,63.3,179,488,56.0,1117,85.0,7.4,224,1198,558,1996,84.3,111,706,44.0,879,39.9,796,24.3,59.8,42.1,37.6,20.4,447,65.4,46.8,209,18.8,84,25.5,114,8.9,40,1,,28.1,Adam Jones\jonesad01,110.0, Jones,1.2, Jones,111
Kemp, Matt,2015,0.265,0.47,0.344,0.315,0.205,89.5,12.1,34.4,38,8.3,8.8,24.3,21.7,31.9,2.6,40.5,69.7,19.0,34.6,39.2,60.8,184,469,53.4,1354,81.6,6.9,273,1549,710,2534,81.0,156,822,46.6,1180,41.7,1056,26.3,50.9,38.9,39.2,21.9,457,58.3,44.6,204,23.2,106,29.5,135,2.6,12,1,,25.9,Matt Kemp\kempma01,109.0, Kemp,-0.3, Kemp,109
Kiermaier, Kevin,2015,0.275,0.386,0.309,0.31,0.111,87.6,9.0,29.7,10,2.4,4.1,28.0,20.5,39.4,2.7,30.9,70.6,16.2,31.1,32.5,67.5,99,305,50.2,981,78.2,6.8,220,1207,481,1954,83.8,111,687,49.8,973,42.1,822,21.2,50.8,37.2,41.3,21.5,414,64.7,49.5,205,15.7,65,25.8,107,8.9,37,64,,29.7,Kevin Kiermaier*\kiermke01,99.0, Kiermaier,1.8, Kiermaier,97
Kinsler, Ian,2015,0.27699999999999997,0.39299999999999996,0.319,0.325,0.11599999999999999,86.1,17.8,37.0,15,2.7,4.0,29.1,32.4,26.4,2.9,26.4,66.9,6.8,26.0,27.4,72.6,87,318,48.5,1225,78.5,7.7,247,1677,565,2526,93.2,59,871,51.5,1301,43.1,1088,12.3,47.1,40.6,33.7,25.7,549,60.6,35.3,194,25.9,142,29.5,162,9.3,51,2,,26.9,Ian Kinsler\kinslia01,112.0, Kinsler,1.6, Kinsler,110
Kipnis, Jason,2015,0.299,0.442,0.359,0.37200000000000005,0.14300000000000002,89.3,9.1,36.1,13,2.8,6.8,29.7,19.0,35.7,1.9,38.2,60.9,9.4,25.2,34.8,65.2,113,325,50.7,1288,66.5,8.2,331,1613,562,2540,90.6,72,762,49.3,1252,42.5,1080,17.0,42.8,33.5,37.8,28.6,468,56.2,46.2,216,18.2,85,32.5,152,3.2,15,1,,27.3,Jason Kipnis*\kipnija01,120.0, Kipnis,2.2, Kipnis,124
Lawrie, Brett,2015,0.257,0.409,0.311,0.298,0.152,90.0,7.5,30.6,20,4.7,6.8,23.1,20.2,39.8,2.4,39.1,62.6,18.6,34.8,40.0,60.0,161,403,50.4,1157,70.2,7.4,248,1286,729,2297,81.4,133,714,49.6,1140,40.7,936,26.3,48.6,32.0,42.6,25.4,425,63.6,49.6,211,18.4,78,25.6,109,6.4,27,57,,29.5,Brett Lawrie\lawribr01,95.0, Lawrie,0.1, Lawrie,94
LeMahieu, DJ,2015,0.28,0.389,0.324,0.341,0.109,90.4,3.0,32.5,9,1.9,4.5,29.4,12.8,45.0,0.9,39.6,61.9,11.3,23.3,31.5,68.5,88,279,48.8,1195,71.7,8.1,173,1728,524,2451,88.7,88,777,51.2,1255,44.0,1079,16.7,43.1,19.0,41.6,39.4,462,58.7,55.4,256,12.1,56,31.2,144,1.3,6,1,,27.3,DJ LeMahieu\lemahdj01,92.0, LeMahieu,2.2, LeMahieu,91
Lind, Adam,2015,0.242,0.42,0.32899999999999996,0.332,0.17800000000000002,89.5,10.8,31.4,29,7.2,7.2,21.0,23.2,39.8,0.7,36.0,60.8,12.6,32.2,33.3,66.7,138,415,57.2,1290,65.6,5.8,269,1456,486,2254,87.4,74,586,42.8,964,42.0,947,21.2,44.4,33.1,40.0,26.9,405,54.5,46.9,190,20.5,83,26.4,107,6.2,25,0,,24.0,Adam Lind*\lindad01,123.0, Lind,-4.2, Lind,120
Longoria, Evan,2015,0.263,0.473,0.345,0.325,0.21100000000000002,89.6,15.5,33.5,41,8.5,7.9,23.3,28.1,28.3,2.5,39.8,65.0,17.8,29.5,36.0,64.0,138,383,51.3,1300,74.2,7.2,366,1492,601,2536,82.2,143,803,48.7,1236,42.6,1081,23.7,46.8,37.7,36.7,25.6,480,59.1,39.4,189,27.3,131,24.4,117,9.0,43,0,,27.4,Evan Longoria\longoev01,112.0, Longoria,-0.3, Longoria,109
Machado, Manny,2015,0.271,0.462,0.355,0.348,0.191,91.4,12.9,29.7,40,7.6,5.5,23.3,25.2,34.5,1.1,41.7,62.9,10.8,24.6,33.5,66.5,120,358,52.1,1453,74.4,7.6,324,1739,702,2789,89.2,91,841,47.9,1336,40.2,1120,17.6,43.0,36.4,39.8,23.9,528,58.1,45.6,241,20.5,108,24.8,131,9.1,48,0,,27.4,Manny Machado\machama01,132.0, Machado,3.1, Machado,135
Markakis, Nick,2015,0.266,0.34700000000000003,0.309,0.345,0.08,88.3,6.8,30.4,4,0.8,3.2,30.8,19.8,40.0,3.4,33.6,60.3,8.9,25.6,17.1,82.9,64,375,54.0,1463,69.4,6.8,304,1828,528,2711,91.1,67,753,46.0,1248,42.5,1152,11.6,41.6,27.9,40.9,31.1,530,56.0,54.3,288,15.1,80,25.7,136,4.9,26,0,,25.6,Nick Markakis*\markani01,109.0, Markakis,0.1, Markakis,106
Marte, Starling,2015,0.28600000000000003,0.473,0.355,0.34,0.188,87.9,5.5,32.8,32,6.9,5.0,23.5,13.1,42.9,4.3,35.3,75.2,17.1,38.1,44.2,55.8,194,439,50.5,1152,84.3,7.5,274,1385,602,2281,82.9,145,848,49.5,1127,42.9,977,26.3,56.4,40.1,37.3,22.6,464,69.7,55.6,258,13.4,62,26.9,125,4.1,19,93,,29.6,Starling Marte\martest01,113.0, Marte,-3.1, Marte,115
Martin, Russell,2015,0.239,0.42200000000000004,0.34,0.33299999999999996,0.183,89.3,9.2,26.8,28,8.2,5.3,20.9,20.9,39.7,2.6,40.0,59.2,16.6,20.6,45.4,54.6,94,207,47.5,1003,75.3,8.6,220,1323,556,2112,83.4,109,656,52.5,1109,43.2,912,23.5,40.9,32.9,39.1,27.9,340,57.8,51.8,176,20.3,69,20.3,69,7.6,26,0,,26.3,Russell Martin\martiru01,112.0, Martin,-0.2, Martin,115
Martinez, J.D.,2015,0.282,0.6,0.401,0.345,0.318,91.3,16.4,39.9,74,17.6,7.8,22.1,23.5,23.5,3.8,48.7,74.1,22.2,33.3,48.1,51.9,220,457,52.6,1371,83.9,7.4,327,1502,723,2605,77.8,203,915,47.4,1234,42.6,1110,30.8,52.7,38.7,36.8,24.5,421,64.1,34.2,144,32.1,135,29.5,124,4.3,18,1,,27.8,J.D. Martinez\martijd02,139.0, Martinez,-2.7, Martinez,136
Mauer, Joe,2015,0.28300000000000003,0.439,0.349,0.358,0.157,89.6,4.3,33.3,18,3.7,8.0,28.8,11.7,42.8,3.1,39.9,57.2,10.7,25.3,29.6,70.4,107,361,52.6,1427,67.2,6.6,316,1772,578,2715,89.3,79,737,47.4,1288,42.6,1157,16.9,40.4,28.2,39.7,32.1,486,57.2,57.6,280,13.4,65,27.2,132,1.9,9,1,,26.5,Joe Mauer*\mauerjo01,98.0, Mauer,-0.7, Mauer,93
Maybin, Cameron,2015,0.27899999999999997,0.379,0.322,0.33899999999999997,0.1,88.1,2.1,26.8,11,2.7,2.7,26.0,12.3,50.1,2.9,35.6,60.6,12.4,25.5,40.3,59.7,110,273,49.3,1072,74.4,7.4,183,1411,561,2174,87.6,83,668,50.7,1102,45.5,989,20.5,43.3,33.2,38.8,28.0,407,60.7,59.0,240,10.6,43,25.8,105,4.7,19,26,,29.1,Cameron Maybin\maybica01,94.0, Maybin,1.8, Maybin,93
McCann, Brian,2015,0.223,0.392,0.315,0.316,0.16899999999999998,89.5,17.4,29.1,20,5.3,6.9,21.9,33.6,26.1,1.9,36.5,56.2,9.5,30.1,29.3,70.7,102,348,55.3,1158,66.9,6.4,327,1151,557,2094,90.5,50,526,44.7,936,39.4,826,17.4,41.7,46.7,34.7,18.7,375,55.9,37.6,141,28.8,108,22.1,83,11.5,43,0,,23.2,Brian McCann*\mccanbr01,105.0, McCann,-4.4, McCann,106
McCutchen, Andrew,2015,0.294,0.535,0.40700000000000003,0.408,0.24100000000000002,90.7,13.7,41.0,41,9.3,9.5,25.6,22.6,30.5,1.8,44.6,68.1,20.3,21.4,42.5,57.5,134,315,53.0,1473,84.5,7.4,314,1667,746,2780,79.7,181,890,47.0,1307,42.0,1167,26.1,43.3,36.7,40.3,23.1,442,55.6,38.7,171,23.8,105,32.8,145,4.8,21,8,,28.5,Andrew McCutchen\mccutan01,144.0, McCutchen,-1.5, McCutchen,144
Molina, Yadier,2015,0.244,0.341,0.28,0.28800000000000003,0.09699999999999999,86.3,10.4,32.3,10,2.3,2.7,24.4,26.7,37.8,3.6,25.3,73.9,14.4,33.9,22.7,77.3,70,308,50.1,908,82.3,8.1,170,1178,450,1812,85.6,96,668,49.9,904,43.0,780,17.0,53.9,33.0,37.1,29.8,439,62.3,49.0,215,20.3,89,24.8,109,5.9,26,1,,23.4,Yadier Molina\molinya01,80.0, Molina,-1.0, Molina,81
Morales, Kendrys,2015,0.28600000000000003,0.507,0.377,0.361,0.221,91.9,10.1,34.0,42,8.9,7.2,26.4,20.2,33.4,1.1,47.9,71.0,13.4,30.2,40.0,60.0,167,417,56.6,1380,77.6,5.9,554,1302,556,2442,86.6,101,753,43.4,1060,40.1,979,22.9,47.9,37.2,38.9,23.8,470,54.8,46.0,216,26.6,125,24.5,115,3.0,14,1,,24.3,Kendrys Morales#\moralke01,127.0, Morales,-4.8, Morales,131
Moreland, Mitch,2015,0.278,0.511,0.366,0.33299999999999996,0.233,91.3,11.5,35.4,38,10.4,8.2,26.1,19.8,32.4,2.2,45.6,66.8,16.7,29.7,43.2,56.8,140,324,53.6,1090,71.2,6.1,278,1196,544,2033,83.3,105,630,46.4,943,43.3,880,25.7,46.9,40.9,35.7,23.4,364,57.3,47.0,171,20.9,76,26.1,95,6.0,22,2,,25.0,Mitch Moreland*\morelmi01,116.0, Moreland,-0.5, Moreland,116
Morrison, Logan,2015,0.261,0.441,0.34299999999999997,0.33799999999999997,0.18,89.8,11.8,29.3,26,6.9,6.3,19.8,26.4,34.3,2.1,37.5,69.2,12.4,28.6,31.7,68.3,93,293,52.7,1023,80.5,5.8,259,1144,512,1940,87.6,79,635,47.3,917,43.9,851,18.5,47.8,37.2,39.3,23.5,379,57.9,46.7,177,24.3,92,21.6,82,7.4,28,0,,26.6,Logan Morrison*\morrilo01,92.0, Morrison,-2.0, Morrison,90
Moss, Brandon,2015,0.239,0.478,0.345,0.321,0.239,89.1,19.8,34.9,38,11.7,8.3,21.3,29.0,19.8,4.9,39.8,70.9,19.3,30.9,49.6,50.4,171,345,54.2,1115,85.8,7.2,314,1228,497,2056,80.7,129,667,45.8,941,44.6,916,29.6,49.2,45.7,34.0,20.4,324,58.0,34.0,110,30.2,98,25.9,84,9.9,32,0,,26.9,Brandon Moss*\mossbr01,90.0, Moss,-0.9, Moss,93
Moustakas, Mike,2015,0.266,0.444,0.344,0.335,0.17800000000000002,89.4,15.2,30.3,31,6.4,5.0,22.8,27.6,31.5,2.5,36.7,64.3,10.4,31.3,28.6,71.4,114,398,52.2,1271,70.6,6.6,323,1505,597,2435,89.6,78,749,47.8,1164,43.8,1066,16.7,47.1,38.0,34.2,27.8,482,58.1,41.5,200,23.0,111,24.7,119,10.8,52,0,,25.8,Mike Moustakas*\moustmi01,119.0, Moustakas,-4.8, Moustakas,123
Murphy, Daniel,2015,0.29,0.466,0.34299999999999997,0.33299999999999996,0.17600000000000002,89.9,11.9,32.1,23,4.9,6.2,25.3,25.1,34.7,1.9,38.3,70.1,4.1,31.5,17.4,82.6,58,334,56.1,1061,71.5,6.5,254,1167,434,1891,95.9,24,582,43.9,830,42.6,806,9.0,48.4,37.3,35.1,27.6,467,57.2,43.3,202,23.6,110,25.7,120,7.5,35,1,,25.7,Daniel Murphy*\murphda08,111.0, Murphy,0.9, Murphy,109
Norris, Derek,2015,0.22699999999999998,0.337,0.27899999999999997,0.285,0.109,87.1,14.1,31.7,9,2.3,6.8,23.1,28.3,33.8,4.2,34.8,62.3,14.0,24.5,43.8,56.2,110,251,46.0,1024,70.7,8.9,188,1469,563,2225,86.0,105,748,54.0,1201,43.8,974,21.5,44.9,41.6,36.6,21.8,385,59.1,42.3,163,20.3,78,25.7,99,11.7,45,0,,27.9,Derek Norris\norride01,97.0, Norris,-2.7, Norris,98
Ortiz, David,2015,0.304,0.619,0.423,0.39,0.316,93.0,15.7,34.8,58,13.1,8.4,25.1,24.0,27.1,1.6,49.3,70.4,17.0,26.5,34.9,65.1,135,387,58.8,1461,76.8,5.7,366,1424,572,2488,83.0,123,722,41.2,1025,41.8,1040,23.2,44.6,41.9,36.4,21.7,442,52.1,37.6,166,25.6,113,28.7,127,8.1,36,1,,23.1,David Ortiz*\ortizda01,140.0, Ortiz,-4.2, Ortiz,139
Owings, Chris,2015,0.231,0.331,0.265,0.27,0.1,86.9,14.6,32.8,10,2.6,3.9,27.6,27.0,29.4,1.8,24.7,69.6,15.9,35.3,47.5,52.5,161,339,48.6,960,78.9,8.7,149,1178,633,1975,84.1,112,706,51.4,1015,41.2,813,26.1,52.9,35.7,36.2,28.1,381,66.8,44.1,168,20.2,77,29.4,112,6.3,24,4,,28.6,Chris Owings\owingch01,57.0, Owings,2.3, Owings,51
Pagan, Angel,2015,0.258,0.342,0.289,0.302,0.084,86.2,11.5,32.7,3,0.7,4.5,26.8,25.9,35.8,1.2,22.4,60.5,8.2,23.5,22.4,77.6,57,254,51.4,1083,65.0,7.7,310,1358,431,2106,91.8,51,619,48.6,1023,45.5,958,12.4,41.5,30.4,41.4,28.2,425,56.7,43.5,185,22.8,97,29.2,124,4.5,19,2,,28.2,Angel Pagan#\paganan01,75.0, Pagan,1.6, Pagan,78
Parra, Gerardo,2015,0.26,0.39299999999999996,0.307,0.302,0.133,88.1,9.2,32.5,14,3.0,5.4,25.2,21.3,38.4,2.6,29.7,72.5,11.6,37.9,30.2,69.8,127,421,53.3,1111,83.2,6.9,316,1233,519,2085,88.4,82,706,46.7,974,42.6,888,18.5,54.1,36.0,38.1,25.9,464,66.4,48.7,226,19.0,88,27.6,128,4.7,22,0,,26.6,Gerardo Parra*\parrage01,111.0, Parra,-0.5, Parra,109
Pederson, Joc,2015,0.218,0.436,0.35100000000000003,0.35600000000000004,0.218,91.2,13.6,28.7,37,11.8,5.7,19.4,24.8,33.1,2.5,45.2,64.5,26.9,24.6,55.0,45.0,187,340,56.1,1382,67.1,6.3,356,1423,661,2464,73.1,188,698,43.9,1082,43.1,1061,36.1,42.1,39.8,39.2,21.0,314,56.9,41.7,131,21.0,66,26.1,82,11.1,35,0,,27.2,Joc Pederson*\pederjo01,113.0, Pederson,0.0, Pederson,116
Peralta, David,2015,0.282,0.456,0.35700000000000004,0.353,0.174,91.6,6.7,35.1,28,7.7,6.1,26.8,14.9,39.8,1.4,42.8,67.1,13.7,30.9,44.3,55.7,144,325,54.7,1051,78.4,6.0,295,1137,479,1923,86.3,80,585,45.3,872,41.8,803,24.6,47.3,38.4,40.9,20.7,362,62.9,53.0,192,13.0,47,30.9,112,3.0,11,3,,27.6,David Peralta*\peralda01,137.0, Peralta,2.6, Peralta,137
Peralta, Jhonny,2015,0.275,0.429,0.335,0.33799999999999997,0.154,88.1,13.2,35.2,21,4.4,5.7,30.2,22.4,30.6,2.7,34.0,74.4,15.6,28.8,39.9,60.1,151,378,53.7,1311,82.4,6.1,326,1401,690,2444,84.4,131,842,46.3,1131,42.8,1046,23.1,49.9,39.7,37.3,23.0,474,60.5,44.7,212,21.9,104,28.7,136,4.6,22,2,,26.0,Jhonny Peralta\peraljh01,103.0, Peralta,-3.6, Peralta,105
Perez, Salvador,2015,0.268,0.419,0.309,0.29,0.151,87.3,12.9,33.0,24,5.3,3.3,24.0,24.9,35.2,3.3,32.6,67.6,9.8,41.7,29.7,70.3,121,407,53.1,977,68.1,7.5,219,1116,489,1840,90.2,57,583,46.9,863,41.8,769,18.0,53.8,42.7,36.6,20.7,454,60.6,42.5,193,19.2,87,28.2,128,10.1,46,0,,25.6,Salvador Perez\perezsa02,88.0, Perez,-3.6, Perez,87
Peterson, Jace,2015,0.251,0.368,0.311,0.32899999999999996,0.11699999999999999,87.1,9.8,32.8,14,3.3,4.1,24.9,23.7,35.6,1.4,26.3,61.4,16.6,25.8,36.6,63.4,117,320,52.4,1240,70.1,6.9,372,1414,565,2370,83.4,115,693,47.6,1128,42.7,1011,22.9,42.7,36.8,36.4,26.8,418,59.3,48.8,204,21.3,89,24.9,104,5.0,21,12,,28.5,Jace Peterson*\peterja01,81.0, Peterson,1.4, Peterson,79
Phillips, Brandon,2015,0.29100000000000004,0.397,0.322,0.327,0.105,86.2,10.6,32.6,12,2.3,3.2,30.0,22.3,35.7,2.9,25.8,73.8,10.7,35.2,35.4,64.6,138,390,51.2,1109,74.6,8.0,230,1387,546,2168,89.3,84,782,48.8,1059,41.3,895,18.9,54.1,32.4,37.0,30.5,524,62.3,45.6,239,15.8,83,32.1,168,6.5,34,1,,25.8,Brandon Phillips\phillbr01,97.0, Phillips,1.4, Phillips,97
Pillar, Kevin,2015,0.266,0.363,0.297,0.305,0.09699999999999999,85.8,14.1,28.4,9,1.8,3.5,27.8,26.3,31.8,3.5,26.5,62.6,11.7,38.2,29.7,70.3,125,421,48.7,1102,62.7,8.2,234,1407,609,2262,88.3,85,726,51.3,1160,44.4,1004,18.3,50.7,38.4,35.7,25.9,510,65.1,43.7,223,17.6,90,26.7,136,12.0,61,13,,28.7,Kevin Pillar\pillake01,93.0, Pillar,3.5, Pillar,94
Plouffe, Trevor,2015,0.254,0.45,0.337,0.317,0.19699999999999998,89.9,13.7,33.5,36,7.9,7.0,24.7,25.8,31.3,1.8,39.6,64.4,14.7,24.3,38.5,61.5,110,286,49.1,1179,72.4,7.5,246,1501,644,2403,85.3,116,788,50.9,1224,43.9,1055,21.0,44.7,39.4,37.9,22.7,454,64.6,41.4,188,25.6,116,24.9,113,8.1,37,0,,26.3,Trevor Plouffe\plouftr01,102.0, Plouffe,1.8, Plouffe,100
Polanco, Gregory,2015,0.26,0.39399999999999996,0.317,0.325,0.134,89.9,10.4,30.5,21,4.4,6.3,24.0,23.2,35.8,2.7,39.6,63.6,12.2,28.7,32.9,67.1,137,416,57.3,1447,65.4,5.0,364,1574,558,2528,87.8,84,687,42.7,1080,44.0,1112,20.0,43.6,35.2,38.7,26.1,475,57.4,46.7,222,18.3,87,27.8,132,7.2,34,38,,28.5,Gregory Polanco*\polangr01,92.0, Polanco,2.8, Polanco,92
Pollock, AJ,2015,0.304,0.461,0.36,0.36,0.157,88.9,8.9,31.2,30,5.7,6.4,26.5,17.4,38.9,2.6,39.1,62.8,7.3,28.7,38.1,61.9,128,336,49.5,1169,69.3,8.4,255,1374,729,2361,92.7,55,749,50.5,1192,43.1,1018,16.9,46.0,36.1,40.8,23.1,529,63.7,51.0,270,13.6,72,29.5,156,5.9,31,10,,29.0,AJ Pollock\polloaj01,130.0, Pollock,3.9, Pollock,131
Posey, Buster,2015,0.31,0.504,0.381,0.377,0.19399999999999998,89.0,10.6,33.6,31,6.1,6.3,29.1,20.5,30.5,3.3,37.5,69.7,8.6,26.9,24.4,75.6,76,312,52.8,1158,82.0,7.3,207,1312,638,2194,91.4,62,722,47.2,1036,42.5,933,13.3,47.1,34.6,36.5,28.9,512,59.2,45.1,231,20.1,103,29.5,151,5.3,27,0,,25.4,Buster Posey\poseybu01,133.0, Posey,-0.5, Posey,135
Prado, Martin,2015,0.278,0.382,0.32,0.335,0.10400000000000001,89.0,9.1,33.8,10,2.3,3.9,31.1,21.8,38.3,1.1,33.6,51.8,5.9,25.2,24.6,75.4,63,256,47.0,1014,57.1,9.5,232,1410,477,2157,94.1,35,592,53.0,1143,42.9,925,11.6,39.3,29.3,42.9,27.9,441,63.3,49.2,217,14.1,62,29.0,128,7.7,34,0,,26.8,Martin Prado\pradoma01,104.0, Prado,-0.6, Prado,102
Pujols, Albert,2015,0.271,0.488,0.353,0.332,0.218,90.7,14.2,29.5,41,7.7,5.3,22.7,28.9,32.1,1.5,38.3,62.9,9.6,29.3,29.4,70.6,113,384,52.1,1309,67.5,6.5,300,1471,674,2514,90.4,73,758,47.9,1205,40.5,1019,16.3,45.4,43.5,37.0,19.5,533,56.0,42.8,228,25.5,136,23.8,127,7.9,42,1,,23.5,Albert Pujols\pujolal01,118.0, Pujols,-3.8, Pujols,114
Ramirez, Aramis,2015,0.243,0.41100000000000003,0.309,0.29600000000000004,0.168,87.4,15.8,33.5,23,5.6,6.6,23.3,30.3,29.4,3.4,34.5,73.5,12.2,34.4,28.8,71.2,95,330,52.8,958,78.2,6.6,154,1154,492,1815,87.8,77,630,47.2,857,41.8,759,17.9,52.9,36.9,38.3,24.8,412,65.5,37.6,155,24.5,101,29.1,120,8.7,36,1,,24.3,Aramis Ramirez\ramirar01,95.0, Ramirez,-4.3, Ramirez,93
Ramirez, Alexei,2015,0.249,0.32,0.275,0.289,0.071,84.6,8.6,32.0,5,1.0,2.1,24.3,22.6,42.0,5.0,22.0,66.0,11.3,31.3,24.8,75.2,86,347,50.8,1109,79.4,7.1,253,1315,597,2185,88.7,80,709,49.2,1075,42.3,923,15.7,48.3,35.6,44.3,20.1,522,67.0,51.1,267,15.7,82,25.9,135,7.3,38,0,,26.6,Alexei Ramírez\ramiral03,79.0, Ramirez,-4.6, Ramirez,74
Ramos, Wilson,2015,0.252,0.41600000000000004,0.305,0.282,0.16399999999999998,90.6,4.4,29.8,24,6.3,7.3,22.0,14.1,45.3,2.9,44.5,72.6,16.2,33.8,42.4,57.6,125,295,49.0,873,86.8,7.6,163,1067,530,1782,83.8,107,660,51.0,909,42.9,764,24.3,53.6,32.2,41.9,25.9,382,65.9,57.1,218,13.9,53,25.7,98,3.4,13,0,,24.0,Wilson Ramos\ramoswi01,66.0, Ramos,0.2, Ramos,62
Reddick, Josh,2015,0.276,0.428,0.33799999999999997,0.33799999999999997,0.152,88.5,14.8,32.5,23,5.0,3.7,26.9,31.3,29.1,2.4,33.2,64.7,8.6,26.7,30.2,69.8,104,344,56.1,1289,69.8,6.9,317,1349,571,2296,91.3,56,652,43.9,1007,42.3,971,16.1,43.4,35.6,35.6,28.9,464,56.2,39.9,185,23.7,110,27.4,127,9.1,42,3,,27.8,Josh Reddick*\reddijo01,116.0, Reddick,2.6, Reddick,116
Revere, Ben,2015,0.298,0.363,0.315,0.336,0.065,83.1,5.0,34.9,0,0.0,2.1,30.0,16.8,41.4,5.8,14.6,56.8,3.6,28.3,23.6,76.4,79,335,52.6,1184,56.0,7.5,215,1581,448,2252,96.4,22,607,47.4,1068,44.7,1006,10.7,41.8,34.3,41.2,24.4,536,56.6,57.1,306,14.6,78,26.9,144,1.5,8,44,,28.4,Ben Revere*\reverbe01,98.0, Revere,3.2, Revere,98
Reyes, Jose,2015,0.245,0.303,0.268,0.285,0.057999999999999996,84.6,13.3,28.1,1,0.2,2.3,22.5,29.0,36.4,3.2,18.6,66.3,10.9,35.4,25.3,74.7,86,340,53.3,961,69.0,5.5,334,1153,313,1804,89.1,61,559,46.7,843,44.0,793,16.4,49.8,39.4,40.4,20.2,431,61.1,46.2,199,16.0,69,25.1,108,12.8,55,2,,27.4,Jose Reyes#\reyesjo01,82.0, Reyes,-1.6, Reyes,81
Rizzo, Anthony,2015,0.278,0.506,0.389,0.39,0.228,88.7,17.2,35.7,39,8.0,7.6,24.4,28.7,25.8,3.7,38.3,67.0,11.2,31.0,31.3,68.7,158,505,59.1,1627,77.9,5.3,398,1645,663,2751,88.8,84,753,40.9,1124,41.5,1141,19.2,45.7,40.6,36.7,22.7,488,54.8,35.7,174,26.0,127,28.7,140,9.6,47,0,,26.1,Anthony Rizzo*\rizzoan01,146.0, Rizzo,-0.6, Rizzo,145
Rodriguez, Alex,2015,0.24600000000000002,0.494,0.368,0.354,0.248,91.3,12.2,31.4,42,10.9,8.1,20.3,23.9,35.1,1.0,43.9,67.3,26.1,24.3,45.8,54.2,151,330,54.3,1360,75.3,6.2,283,1537,619,2503,73.9,201,769,45.7,1143,42.3,1058,32.0,43.9,38.4,44.2,17.4,385,60.3,43.6,168,25.2,97,24.7,95,6.5,25,0,,23.9,Alex Rodriguez\rodrial01,129.0, Rodriguez,-1.2, Rodriguez,129
Rollins, Jimmy,2015,0.23800000000000002,0.35,0.294,0.301,0.11199999999999999,85.8,16.4,31.9,11,2.5,4.2,23.8,31.2,30.3,2.8,23.3,65.6,11.4,24.7,35.3,64.7,95,269,51.1,1088,79.3,7.7,348,1376,398,2128,88.6,78,682,48.9,1040,42.8,911,18.2,44.7,46.0,32.8,21.2,433,56.5,41.3,179,24.9,108,24.0,104,9.7,42,0,,27.1,Jimmy Rollins#\rolliji01,79.0, Rollins,-0.5, Rollins,80
Russell, Addison,2015,0.20800000000000002,0.33299999999999996,0.273,0.276,0.125,86.5,15.0,33.7,16,4.9,5.8,22.2,28.6,32.8,3.3,28.3,68.1,21.7,27.9,53.6,46.4,163,304,50.6,1090,78.5,6.7,183,1323,634,2154,78.3,157,725,49.4,1064,43.1,929,31.1,47.8,41.3,34.3,24.3,329,61.4,42.9,141,24.6,81,23.4,77,9.1,30,2,,28.0,Addison Russell\russead02,91.0, Russell,0.4, Russell,90
Sandoval, Pablo,2015,0.22899999999999998,0.359,0.284,0.278,0.129,88.1,10.0,28.8,19,4.8,4.0,21.0,25.3,40.0,3.0,34.0,74.5,15.4,47.0,23.6,76.4,117,496,57.2,1055,75.6,4.9,253,1110,435,1848,84.6,91,589,42.8,791,41.3,762,19.2,58.7,30.0,41.0,29.0,400,65.0,49.3,197,19.8,79,21.5,86,9.5,38,1,,24.7,Pablo Sandoval#\sandopa01,75.0, Sandoval,-4.1, Sandoval,76
Santana, Carlos,2015,0.242,0.41100000000000003,0.349,0.371,0.168,89.4,12.4,27.9,31,7.2,4.8,21.9,26.1,35.1,2.8,40.0,57.1,14.4,18.9,32.0,68.0,94,294,54.2,1553,68.9,6.4,531,1664,636,2863,85.6,108,748,45.8,1310,43.1,1235,19.4,36.4,49.7,33.0,17.3,433,48.2,46.0,199,20.3,88,22.6,98,11.1,48,1,,25.5,Carlos Santana#\santaca01,102.0, Santana,1.6, Santana,107
Seager, Kyle,2015,0.285,0.47700000000000004,0.36,0.348,0.192,89.3,16.8,36.3,37,7.0,4.2,27.6,30.6,26.3,1.7,34.6,62.4,10.3,28.3,33.7,66.3,122,362,50.3,1277,68.7,7.1,371,1502,640,2537,89.7,81,786,49.7,1260,42.0,1065,17.7,45.3,41.0,35.5,23.4,529,58.5,36.5,193,25.5,135,30.8,163,7.2,38,1,,26.0,Kyle Seager*\seageky01,117.0, Seager,-0.5, Seager,115
Segura, Jean,2015,0.24600000000000002,0.32799999999999996,0.266,0.27,0.08199999999999999,86.9,4.3,25.4,6,1.3,3.8,22.2,19.5,47.7,3.0,26.9,69.2,11.8,36.3,28.8,71.2,106,368,49.2,1013,76.9,7.6,158,1395,496,2057,88.2,85,722,50.8,1044,42.6,876,17.5,53.0,22.9,40.5,36.7,472,66.4,59.5,281,14.4,68,21.6,102,4.4,21,41,,28.7,Jean Segura\segurje01,68.0, Segura,1.6, Segura,64
Semien, Marcus,2015,0.243,0.39,0.304,0.298,0.146,87.1,13.5,37.1,19,4.5,8.0,24.6,26.8,30.5,3.3,28.9,61.4,15.3,24.0,42.6,57.4,115,270,47.4,1124,75.4,7.7,258,1375,702,2369,84.7,117,765,52.6,1245,43.1,1022,22.4,43.7,38.3,36.4,25.4,426,58.2,39.0,166,22.1,94,31.7,135,7.3,31,4,,28.9,Marcus Semien\semiema01,98.0, Semien,1.8, Semien,97
Simmons, Andrelton,2015,0.281,0.364,0.314,0.33799999999999997,0.083,86.4,3.5,27.8,5,1.0,3.3,27.1,15.7,44.9,4.7,29.0,64.7,7.7,25.2,23.2,76.8,54,233,48.6,926,79.2,9.6,171,1167,537,1906,92.3,49,634,51.4,980,42.1,802,11.9,45.5,31.0,46.3,22.7,490,64.3,57.3,281,13.3,65,24.7,121,4.7,23,0,,27.0,Andrelton Simmons\simmoan01,84.0, Simmons,2.9, Simmons,81
Solarte, Yangervis,2015,0.255,0.37200000000000005,0.305,0.308,0.11800000000000001,88.1,11.6,29.1,10,2.1,4.4,25.7,28.6,34.1,1.9,31.2,67.5,6.5,30.6,27.1,72.9,88,325,52.6,1061,73.9,7.0,366,1208,442,2022,93.5,42,647,47.4,958,42.6,861,13.3,48.2,42.1,38.5,19.4,475,58.1,43.8,208,22.1,105,25.1,119,9.1,43,1,,25.4,Yangervis Solarte#\solarya01,107.0, Solarte,-3.3, Solarte,109
Taylor, Michael A.,2015,0.242,0.39899999999999997,0.3,0.297,0.157,88.7,10.0,32.8,20,6.3,5.0,27.8,20.2,32.8,1.6,35.6,71.0,24.5,31.5,54.9,45.1,162,295,49.6,936,86.5,8.6,165,1061,612,1889,75.5,166,677,50.4,953,43.6,823,33.7,51.5,40.1,34.1,25.9,317,65.0,49.2,156,18.6,59,26.8,85,5.4,17,11,,28.7,Michael A. Taylor\taylomi02,73.0, A. Taylor,-3.2, A. Taylor,69
Trout, Mike,2015,0.304,0.598,0.43,0.41100000000000003,0.293,92.9,13.9,39.1,69,16.4,7.3,23.9,20.9,28.0,2.4,48.6,53.6,15.3,22.6,36.9,63.1,129,350,52.1,1552,58.1,7.3,265,1927,692,2980,84.7,117,766,47.9,1428,42.8,1276,22.0,37.4,35.1,35.5,29.4,422,56.7,37.9,160,20.9,88,37.2,157,4.0,17,78,,29.6,Mike Trout\troutmi01,176.0, Trout,2.6, Trout,171
Trumbo, Mark,2015,0.256,0.45,0.32899999999999996,0.305,0.19399999999999998,92.0,13.1,31.0,37,9.8,6.1,22.3,25.7,32.4,1.6,43.0,69.6,21.4,36.0,46.5,53.5,187,402,53.8,1116,78.8,6.4,234,1211,620,2075,78.6,143,667,46.2,959,42.9,891,30.9,51.5,33.7,36.3,30.0,377,60.7,41.9,158,18.8,71,28.6,108,10.6,40,0,,27.1,Mark Trumbo\trumbma01,107.0, Trumbo,-2.3, Trumbo,107
Tulowitzki, Troy,2015,0.259,0.42100000000000004,0.32299999999999995,0.319,0.162,89.9,12.8,31.4,20,5.3,7.4,29.3,24.7,29.3,2.4,40.7,62.9,17.8,28.4,33.5,66.5,105,313,52.3,1103,74.4,7.4,199,1327,568,2111,82.2,113,634,47.7,1008,42.0,887,23.0,44.9,46.5,33.2,20.2,376,57.9,41.5,156,21.0,79,30.3,114,7.2,27,0,,26.1,Troy Tulowitzki\tulowtr01,101.0, Tulowitzki,-2.2, Tulowitzki,101
Upton, Justin,2015,0.23600000000000002,0.439,0.336,0.327,0.203,89.9,16.2,28.6,40,10.3,5.7,21.9,29.1,27.6,3.1,39.2,67.0,25.5,22.7,49.7,50.3,145,292,51.2,1287,77.3,7.7,241,1540,719,2514,74.5,210,822,48.8,1227,41.8,1050,31.9,44.3,36.3,39.7,24.0,388,57.9,39.9,155,26.3,102,24.2,94,9.5,37,0,,28.0,Justin Upton\uptonju01,119.0, Upton,2.5, Upton,119
Vogt, Stephen,2015,0.254,0.41100000000000003,0.331,0.34,0.157,87.0,16.5,34.0,20,5.6,5.1,27.5,28.9,28.7,2.0,30.3,56.8,10.9,29.0,30.0,70.0,103,343,56.3,1183,63.8,6.2,281,1222,542,2102,89.1,57,522,43.7,919,41.4,871,18.5,41.2,39.0,34.6,26.4,356,55.2,37.9,135,24.4,87,30.6,109,7.0,25,1,,26.1,Stephen Vogt*\vogtst01,117.0, Vogt,-3.2, Vogt,114
Votto, Joey,2015,0.29,0.546,0.426,0.444,0.256,90.1,11.4,42.2,44,10.7,7.3,28.2,19.2,28.6,2.9,42.0,61.2,20.5,16.5,34.7,65.3,95,274,55.1,1663,71.7,6.2,342,1967,652,3020,79.5,170,830,44.9,1356,44.2,1335,24.0,36.6,33.3,39.8,26.9,412,54.5,43.2,178,19.9,82,35.2,145,1.7,7,1,,25.3,Joey Votto*\vottojo01,174.0, Votto,-2.6, Votto,174
Walker, Neil,2015,0.253,0.42100000000000004,0.322,0.316,0.168,88.9,14.0,33.1,21,4.8,7.7,25.4,27.0,32.7,1.8,37.4,71.8,13.0,30.5,32.6,67.4,126,386,54.1,1264,79.7,6.5,411,1447,456,2336,87.0,100,770,45.9,1072,42.0,981,19.6,49.5,37.0,38.5,24.5,441,63.0,42.6,188,24.0,106,27.2,120,6.1,27,0,,26.3,Neil Walker#\walkene01,106.0, Walker,1.9, Walker,106
Wong, Kolten,2015,0.27,0.379,0.319,0.332,0.10800000000000001,87.5,11.3,32.1,14,3.0,3.2,27.8,22.7,35.5,3.9,34.3,72.3,11.9,32.5,32.9,67.1,137,417,56.2,1282,79.8,5.2,258,1427,581,2282,88.1,86,723,43.8,1000,41.9,957,19.6,50.0,37.0,40.0,22.9,467,56.3,45.6,213,17.8,83,28.5,133,8.1,38,1,,27.4,Kolten Wong*\wongko01,93.0, Wong,2.7, Wong,96
Yelich, Christian,2015,0.312,0.45299999999999996,0.36700000000000005,0.377,0.142,91.7,0.0,30.4,18,4.8,5.6,27.7,7.7,51.2,1.1,45.1,63.7,13.9,24.5,41.6,58.4,116,279,53.7,1141,73.5,7.1,305,1361,444,2125,86.1,87,627,46.3,984,42.3,899,22.4,42.6,26.7,46.4,26.9,375,56.6,63.7,239,8.5,32,27.5,103,0.3,1,39,,28.8,Christian Yelich*\yelicch01,118.0, Yelich,2.0, Yelich,120
Zobrist, Ben,2015,0.265,0.391,0.332,0.35100000000000003,0.127,88.6,8.3,29.3,15,3.6,4.8,23.8,23.8,40.4,1.4,34.9,55.1,8.4,21.2,21.6,78.4,54,250,54.7,1180,65.9,6.4,428,1322,368,2157,91.6,45,538,45.3,977,44.0,949,12.6,36.5,43.8,32.5,23.8,416,54.8,49.8,207,18.8,78,24.5,102,7.0,29,0,,27.2,Ben Zobrist#\zobribe01,121.0, Zobrist,-0.5, Zobrist,122
